prompt,output,timestamp
write python code for a practice project?,"To create Python code for a practice project, you can follow these steps:

1. Determine the purpose of your project and what problem you want to solve with it.
2. Identify the specific programming tasks that you need to accomplish to achieve your goal.
3. Plan out how you will implement each task using Python syntax.
4. Write down each step in a list or diagram to keep track of your progress.
5. Start coding by implementing each task one at a time.
6. Test and debug your code as you go, making sure it is working correctly before moving on to the next task.
7. Repeat these steps until you have completed all tasks and achieved your desired outcome.

Here's an example of a simple practice project in Python:

Project: Create a program that calculates the cost of items at a store.

Tasks:

1. Ask the user for the number of items they want to purchase.
2. Ask the user for the price of each item.
3. Calculate the total cost of all items.
4. Print out the total cost of all items.

Python code:
```
# Ask the user for the number of items they want to purchase
num_items = int(input(""How many items do you want to purchase? ""))

# Ask the user for the price of each item
item_prices = []
for i in range(num_items):
    item_price = float(input(f""What is the price of item {i+1}? ""))
    item_prices.append(item_price)

# Calculate the total cost of all items
total_cost = sum(item_prices)

# Print out the total cost of all items
print(f""The total cost of your purchase is: {total_cost}"")
```
I hope this helps! Let me know if you have any questions or need further clarification.",2024-11-22 19:44:56.504258
